最后发生时间,数据来源,事件,最新告警值,设定阈值,触发时间,持续时间,状态,类别,峰值,操作,组件IP
2018/9/10 16:12,SPV=业务监控平台 : 组件=PMTS网银互联往账,成功率低于阈值,76.79%,85.00%,2018/9/10 16:12,1分钟,关闭,阈值告警,76.79%,,127.0.0.1
2018/9/10 16:12,SPV=业务监控平台 : 组件=网银互联应用新,成功率低于阈值,77.19%,85.00%,2018/9/10 16:12,1分钟,关闭,阈值告警,77.19%,,127.0.0.1
2018/9/8 3:46,SPV=业务监控平台 : 组件=SEAI,响应率低于阈值,66.67%,85.00%,2018/9/8 3:42,5分钟,关闭,阈值告警,66.67%,,127.0.0.1
2018/9/8 3:46,SPV=业务监控平台 : 组件=生产ESB : 交易渠道=网络支付清算平台（网联）(EPCC),响应率低于阈值,66.67%,75.00%,2018/9/8 3:42,5分钟,关闭,阈值告警,66.67%,,127.0.0.1
2018/9/8 3:45,SPV=业务监控平台 : 组件=灾备ESB : 交易渠道=网络支付清算平台（网联）(EPCC),响应率低于阈值,0.00%,75.00%,2018/9/8 3:45,1分钟,关闭,阈值告警,0.00%,,127.0.0.1
2018/9/7 8:59,SPV=业务监控平台 : 组件=生产ESB : 交易渠道=统一收单系统(UERS),响应率低于阈值,0.00%,75.00%,2018/9/7 8:57,3分钟,关闭,阈值告警,0.00%,,127.0.0.1
2018/9/6 23:36,SPV=业务监控平台 : 组件=CUPP来账,响应率低于阈值,71.43%,85.00%,2018/9/6 23:35,2分钟,关闭,阈值告警,71.43%,,127.0.0.1
2018/9/6 9:26,SPV=业务监控平台 : 组件=灾备CBV7,响应率低于阈值,76.16%,80.00%,2018/7/31 6:27,2分钟,关闭,阈值告警,79.80%,,zbx7775222
2018/9/6 23:35,SPV=业务监控平台 : 组件=SEAI(银联来账),响应率低于阈值,0.00%,85.00%,2018/9/6 23:35,1分钟,关闭,阈值告警,50.00%,,127.0.0.1
2018/9/6 19:28,SPV=业务监控平台 : 组件=CUPP来账,响应率低于阈值,84.16%,85.00%,2018/9/6 19:20,9分钟,关闭,阈值告警,84.16%,,127.0.0.1
2018/9/6 19:12,SPV=业务监控平台 : 组件=CUPP来账,响应率低于阈值,81.72%,85.00%,2018/9/6 16:59,134分钟,关闭,阈值告警,84.42%,,127.0.0.1
2018/9/6 16:53,SPV=业务监控平台 : 组件=CUPP来账,响应率低于阈值,79.63%,85.00%,2018/9/6 16:52,2分钟,关闭,阈值告警,81.58%,,127.0.0.1
2018/9/6 16:41,SPV=业务监控平台 : 组件=CUPP来账,响应率低于阈值,79.66%,85.00%,2018/9/6 16:32,10分钟,关闭,阈值告警,84.00%,,127.0.0.1
2018/9/5 3:12,SPV=业务监控平台 : 组件=CUPP来账,响应率低于阈值,60.00%,85.00%,2018/9/5 3:12,1分钟,关闭,阈值告警,60.00%,,127.0.0.1
2018/9/5 3:07,SPV=业务监控平台 : 组件=ATMP,响应率低于阈值,0.00%,85.00%,2018/9/5 3:07,1分钟,关闭,阈值告警,50.00%,,127.0.0.1
2018/9/4 3:17,SPV=业务监控平台 : 组件=AFE(内联),响应率低于阈值,66.67%,85.00%,2018/9/4 3:17,1分钟,关闭,阈值告警,81.25%,,127.0.0.1
2018/9/4 3:06,SPV=业务监控平台 : 组件=AFE(内联),响应率低于阈值,81.82%,85.00%,2018/9/4 3:06,1分钟,关闭,阈值告警,84.62%,,127.0.0.1
2018/9/4 3:06,SPV=业务监控平台 : 组件=CUPP来账,响应率低于阈值,0.00%,85.00%,2018/9/4 3:06,1分钟,关闭,阈值告警,0.00%,,127.0.0.1
2018/9/3 11:12,SPV=业务监控平台 : 组件=IVS,响应率低于阈值,29.41%,85.00%,2018/9/3 11:10,3分钟,关闭,阈值告警,36.84%,,127.0.0.1
2018/9/3 11:04,SPV=业务监控平台 : 组件=CUPP来账,响应率低于阈值,71.93%,85.00%,2018/9/3 10:56,9分钟,关闭,阈值告警,81.08%,,127.0.0.1
2018/9/3 3:23,SPV=业务监控平台 : 组件=AFE(内联),响应率低于阈值,75.00%,85.00%,2018/9/3 3:19,5分钟,关闭,阈值告警,83.33%,,127.0.0.1
2018/9/3 2:12,SPV=业务监控平台 : 组件=WMS,响应率低于阈值,76.92%,85.00%,2018/9/3 2:12,1分钟,关闭,阈值告警,80.00%,,127.0.0.1
2018/9/3 1:40,SPV=业务监控平台 : 组件=WMS,响应率低于阈值,63.16%,85.00%,2018/9/3 1:39,2分钟,关闭,阈值告警,82.35%,,127.0.0.1
2018/9/3 1:30,SPV=业务监控平台 : 组件=WMS,响应率低于阈值,53.33%,85.00%,2018/9/3 1:28,3分钟,关闭,阈值告警,77.78%,,127.0.0.1
2018/9/2 4:08,SPV=业务监控平台 : 组件=银银平台,响应率低于阈值,72.73%,85.00%,2018/9/2 4:06,3分钟,关闭,阈值告警,84.21%,,127.0.0.1
2018/9/2 3:59,SPV=业务监控平台 : 组件=银银平台,响应率低于阈值,81.25%,85.00%,2018/9/2 3:39,21分钟,关闭,阈值告警,82.35%,,127.0.0.1
2018/9/2 3:56,SPV=业务监控平台 : 组件=ATMP,响应率低于阈值,50.00%,85.00%,2018/9/2 3:55,2分钟,关闭,阈值告警,66.67%,,127.0.0.1
2018/9/2 3:56,SPV=业务监控平台 : 组件=SEAI(银联),响应率低于阈值,50.00%,85.00%,2018/9/2 3:55,2分钟,关闭,阈值告警,66.67%,,127.0.0.1
2018/9/2 3:54,SPV=业务监控平台 : 组件=SEAI,响应率低于阈值,22.22%,85.00%,2018/9/2 3:54,1分钟,关闭,阈值告警,66.67%,,127.0.0.1
2018/9/2 3:54,SPV=业务监控平台 : 组件=生产ESB : 交易渠道=网络支付清算平台（网联）(EPCC),响应率低于阈值,15.38%,75.00%,2018/9/2 3:54,1分钟,关闭,阈值告警,58.33%,,127.0.0.1
2018/9/2 3:29,SPV=业务监控平台 : 组件=银银平台,响应率低于阈值,50.00%,85.00%,2018/9/2 3:28,2分钟,关闭,阈值告警,72.73%,,127.0.0.1
2018/9/2 3:23,SPV=业务监控平台 : 组件=AFE(内联),响应率低于阈值,80.00%,85.00%,2018/9/2 3:23,1分钟,关闭,阈值告警,80.00%,,127.0.0.1
2018/9/2 3:11,SPV=业务监控平台 : 组件=银银平台,响应率低于阈值,50.00%,85.00%,2018/9/2 3:07,5分钟,关闭,阈值告警,82.35%,,127.0.0.1
2018/9/2 2:51,SPV=业务监控平台 : 组件=银银平台,响应率低于阈值,72.73%,85.00%,2018/9/2 2:44,8分钟,关闭,阈值告警,78.57%,,127.0.0.1
2018/9/2 2:39,SPV=业务监控平台 : 组件=WMS,响应率低于阈值,71.43%,85.00%,2018/9/2 2:39,1分钟,关闭,阈值告警,83.33%,,127.0.0.1
2018/9/2 2:38,SPV=业务监控平台 : 组件=银银平台,响应率低于阈值,62.50%,85.00%,2018/9/2 2:26,13分钟,关闭,阈值告警,83.33%,,127.0.0.1
2018/9/2 2:20,SPV=业务监控平台 : 组件=银银平台,响应率低于阈值,0.00%,85.00%,2018/9/2 2:05,16分钟,关闭,阈值告警,84.21%,,127.0.0.1
2018/9/2 2:07,SPV=业务监控平台 : 组件=WMS,响应率低于阈值,77.78%,85.00%,2018/9/2 2:07,1分钟,关闭,阈值告警,83.33%,,127.0.0.1
2018/9/2 1:53,SPV=业务监控平台 : 组件=银银平台,响应率低于阈值,72.73%,85.00%,2018/9/2 1:53,1分钟,关闭,阈值告警,84.21%,,127.0.0.1
2018/9/2 1:43,SPV=业务监控平台 : 组件=银银平台,响应率低于阈值,25.00%,85.00%,2018/9/2 1:42,2分钟,关闭,阈值告警,80.00%,,127.0.0.1
2018/9/2 1:26,SPV=业务监控平台 : 组件=WMS,响应率低于阈值,60.00%,85.00%,2018/9/2 1:25,2分钟,关闭,阈值告警,80.00%,,127.0.0.1
2018/9/2 1:21,SPV=业务监控平台 : 组件=银银平台,响应率低于阈值,57.14%,85.00%,2018/9/2 1:19,3分钟,关闭,阈值告警,82.35%,,127.0.0.1
2018/9/2 1:13,SPV=业务监控平台 : 组件=银银平台,响应率低于阈值,50.00%,85.00%,2018/9/2 1:12,2分钟,关闭,阈值告警,81.25%,,127.0.0.1
2018/9/2 1:08,SPV=业务监控平台 : 组件=WMS,响应率低于阈值,77.78%,85.00%,2018/9/2 1:06,3分钟,关闭,阈值告警,83.33%,,127.0.0.1
2018/9/2 0:52,SPV=业务监控平台 : 组件=银银平台,响应率低于阈值,66.67%,85.00%,2018/9/2 0:52,1分钟,关闭,阈值告警,83.33%,,127.0.0.1
2018/9/1 6:04,SPV=业务监控平台 : 组件=CUPP来账,响应率低于阈值,77.78%,85.00%,2018/9/1 6:04,1分钟,关闭,阈值告警,77.78%,,127.0.0.1
2018/9/1 4:19,SPV=业务监控平台 : 组件=WMS,响应率低于阈值,83.33%,85.00%,2018/9/1 4:19,1分钟,关闭,阈值告警,83.33%,,127.0.0.1
2018/9/1 4:13,SPV=业务监控平台 : 组件=WMS,响应率低于阈值,82.35%,85.00%,2018/9/1 4:13,1分钟,关闭,阈值告警,82.35%,,127.0.0.1
2018/9/1 3:06,SPV=业务监控平台 : 组件=银企应用,响应率低于阈值,65.00%,85.00%,2018/9/1 3:05,2分钟,关闭,阈值告警,66.67%,,127.0.0.1
2018/9/1 3:06,SPV=业务监控平台 : 组件=银企接入,响应率低于阈值,75.00%,85.00%,2018/9/1 3:05,2分钟,关闭,阈值告警,75.00%,,127.0.0.1
2018/9/1 2:33,SPV=业务监控平台 : 组件=WMS,响应率低于阈值,80.00%,85.00%,2018/9/1 2:30,4分钟,关闭,阈值告警,80.00%,,127.0.0.1
2018/9/1 2:09,SPV=业务监控平台 : 组件=WMS,响应率低于阈值,68.75%,85.00%,2018/9/1 2:05,5分钟,关闭,阈值告警,83.33%,,127.0.0.1
2018/9/1 1:44,SPV=业务监控平台 : 组件=WMS,响应率低于阈值,74.19%,85.00%,2018/9/1 1:44,1分钟,关闭,阈值告警,76.47%,,127.0.0.1
2018/8/31 14:56,SPV=业务监控平台 : 组件=MIS,响应率低于阈值,95.24%,98.00%,2018/8/31 14:56,1分钟,关闭,阈值告警,97.78%,,127.0.0.1
2018/8/31 11:50,SPV=业务监控平台 : 组件=MIS,响应率低于阈值,96.67%,98.00%,2018/8/31 11:50,1分钟,关闭,阈值告警,97.50%,,127.0.0.1
2018/8/31 11:44,SPV=业务监控平台 : 组件=MIS,响应率低于阈值,97.56%,98.00%,2018/8/31 11:44,1分钟,关闭,阈值告警,97.56%,,127.0.0.1
2018/8/31 11:27,SPV=业务监控平台 : 组件=MIS,响应率低于阈值,96.97%,98.00%,2018/8/31 11:22,6分钟,关闭,阈值告警,97.22%,,127.0.0.1
2018/8/31 11:16,SPV=业务监控平台 : 组件=MIS,响应率低于阈值,93.75%,98.00%,2018/8/31 11:13,4分钟,关闭,阈值告警,97.14%,,127.0.0.1
2018/8/31 11:06,SPV=业务监控平台 : 组件=MIS,响应率低于阈值,96.67%,98.00%,2018/8/31 11:02,5分钟,关闭,阈值告警,97.96%,,127.0.0.1
2018/8/31 10:58,SPV=业务监控平台 : 组件=MIS,响应率低于阈值,97.73%,98.00%,2018/8/31 10:58,1分钟,关闭,阈值告警,97.73%,,127.0.0.1
2018/8/31 10:54,SPV=业务监控平台 : 组件=MIS,响应率低于阈值,95.45%,98.00%,2018/8/31 10:51,4分钟,关闭,阈值告警,97.67%,,127.0.0.1
2018/8/31 9:29,SPV=业务监控平台 : 组件=MIS,响应率低于阈值,97.50%,98.00%,2018/8/31 9:29,1分钟,关闭,阈值告警,97.73%,,127.0.0.1
2018/8/31 8:53,SPV=业务监控平台 : 组件=VTMS,响应率低于阈值,96.43%,98.00%,2018/8/31 8:53,1分钟,关闭,阈值告警,96.43%,,127.0.0.1
2018/8/31 8:31,SPV=业务监控平台 : 组件=VTMS,响应率低于阈值,95.47%,98.00%,2018/8/31 8:31,1分钟,关闭,阈值告警,97.94%,,127.0.0.1
2018/8/31 5:24,SPV=业务监控平台 : 组件=手机银行WEB,响应率低于阈值,96.70%,98.00%,2018/8/31 5:23,2分钟,关闭,阈值告警,97.52%,,127.0.0.1
2018/8/31 5:17,SPV=业务监控平台 : 组件=手机银行WEB,响应率低于阈值,96.83%,98.00%,2018/8/31 5:17,1分钟,关闭,阈值告警,97.39%,,127.0.0.1
2018/8/31 5:12,SPV=业务监控平台 : 组件=手机银行WEB,响应率低于阈值,97.87%,98.00%,2018/8/31 5:12,1分钟,关闭,阈值告警,97.87%,,127.0.0.1
2018/8/31 4:33,SPV=业务监控平台 : 组件=手机银行WEB,响应率低于阈值,97.96%,98.00%,2018/8/31 4:31,3分钟,关闭,阈值告警,97.96%,,127.0.0.1
2018/8/31 3:29,SPV=业务监控平台 : 组件=手机银行WEB,响应率低于阈值,96.94%,98.00%,2018/8/31 3:27,3分钟,关闭,阈值告警,97.81%,,127.0.0.1
2018/8/31 3:21,SPV=业务监控平台 : 组件=手机银行WEB,响应率低于阈值,97.79%,98.00%,2018/8/31 3:20,2分钟,关闭,阈值告警,97.79%,,127.0.0.1
2018/8/31 3:07,SPV=业务监控平台 : 组件=CUPP来账,响应率低于阈值,0.00%,98.00%,2018/8/31 3:04,4分钟,关闭,阈值告警,0.00%,,127.0.0.1
2018/8/31 3:05,SPV=业务监控平台 : 组件=手机银行WEB,响应率低于阈值,97.84%,98.00%,2018/8/31 3:02,4分钟,关闭,阈值告警,97.84%,,127.0.0.1
2018/8/31 3:03,SPV=业务监控平台 : 组件=银企接入,响应率低于阈值,0.00%,98.00%,2018/8/31 3:03,1分钟,关闭,阈值告警,50.00%,,127.0.0.1
2018/8/31 2:55,SPV=业务监控平台 : 组件=手机银行WEB,响应率低于阈值,96.30%,98.00%,2018/8/31 2:55,1分钟,关闭,阈值告警,97.99%,,127.0.0.1
2018/8/31 2:27,SPV=业务监控平台 : 组件=WMS,响应率低于阈值,50.00%,98.00%,2018/8/31 2:21,7分钟,关闭,阈值告警,91.67%,,127.0.0.1
2018/8/31 2:15,SPV=业务监控平台 : 组件=WMS,响应率低于阈值,64.71%,98.00%,2018/8/31 2:06,10分钟,关闭,阈值告警,86.67%,,127.0.0.1
2018/8/31 2:00,SPV=业务监控平台 : 组件=WMS,响应率低于阈值,78.57%,98.00%,2018/8/31 1:54,7分钟,关闭,阈值告警,90.91%,,127.0.0.1
2018/8/31 1:38,SPV=业务监控平台 : 组件=WMS,响应率低于阈值,50.00%,98.00%,2018/8/31 1:33,6分钟,关闭,阈值告警,87.50%,,127.0.0.1
2018/8/31 1:28,SPV=业务监控平台 : 组件=VTMS,响应率低于阈值,92.31%,98.00%,2018/8/31 1:28,1分钟,关闭,阈值告警,94.29%,,127.0.0.1
2018/8/31 1:27,SPV=业务监控平台 : 组件=手机银行WEB,响应率低于阈值,96.30%,98.00%,2018/8/31 1:26,2分钟,关闭,阈值告警,97.95%,,127.0.0.1
2018/8/31 1:26,SPV=业务监控平台 : 组件=WMS,响应率低于阈值,57.14%,98.00%,2018/8/31 1:23,4分钟,关闭,阈值告警,92.31%,,127.0.0.1
2018/8/31 1:23,SPV=业务监控平台 : 组件=VTMS,响应率低于阈值,96.55%,98.00%,2018/8/31 1:21,3分钟,关闭,阈值告警,97.56%,,127.0.0.1
2018/8/31 1:17,SPV=业务监控平台 : 组件=WMS,响应率低于阈值,73.33%,98.00%,2018/8/31 1:17,1分钟,关闭,阈值告警,90.91%,,127.0.0.1
2018/8/31 1:14,SPV=业务监控平台 : 组件=VTMS,响应率低于阈值,90.91%,98.00%,2018/8/31 1:14,1分钟,关闭,阈值告警,97.73%,,127.0.0.1
2018/8/31 1:11,SPV=业务监控平台 : 组件=手机银行WEB,响应率低于阈值,97.76%,98.00%,2018/8/31 1:10,2分钟,关闭,阈值告警,97.95%,,127.0.0.1
2018/8/31 1:08,SPV=业务监控平台 : 组件=WMS,响应率低于阈值,85.00%,98.00%,2018/8/31 1:05,4分钟,关闭,阈值告警,87.50%,,127.0.0.1
2018/8/31 0:31,SPV=业务监控平台 : 组件=ITGS,响应率低于阈值,91.30%,98.00%,2018/8/31 0:31,1分钟,关闭,阈值告警,91.67%,,127.0.0.1
2018/8/31 0:18,SPV=业务监控平台 : 组件=灾备CBV7,响应率低于阈值,88.89%,98.00%,2018/8/31 0:17,2分钟,关闭,阈值告警,97.87%,,127.0.0.1
2018/8/30 23:41,SPV=业务监控平台 : 组件=WCBK微信APP,响应率低于阈值,97.22%,98.00%,2018/8/30 23:41,1分钟,关闭,阈值告警,97.22%,,127.0.0.1
2018/8/30 20:06,SPV=业务监控平台 : 组件=手机银行WEB,响应率低于阈值,97.46%,98.00%,2018/8/30 20:06,1分钟,关闭,阈值告警,97.57%,,127.0.0.1
2018/8/30 18:36,SPV=业务监控平台 : 组件=银银平台,响应率低于阈值,96.37%,98.00%,2018/8/30 18:35,2分钟,关闭,阈值告警,97.35%,,127.0.0.1
2018/8/30 18:33,SPV=业务监控平台 : 组件=企业手机银行应用,响应率低于阈值,83.33%,98.00%,2018/8/30 18:32,2分钟,关闭,阈值告警,90.91%,,127.0.0.1
2018/8/30 18:28,SPV=业务监控平台 : 组件=银银平台,响应率低于阈值,94.40%,98.00%,2018/8/30 18:28,1分钟,关闭,阈值告警,97.11%,,127.0.0.1
2018/8/30 18:24,SPV=业务监控平台 : 组件=银银平台,响应率低于阈值,95.88%,98.00%,2018/8/30 18:19,6分钟,关闭,阈值告警,97.99%,,127.0.0.1
2018/8/30 18:15,SPV=业务监控平台 : 组件=银银平台,响应率低于阈值,94.71%,98.00%,2018/8/30 18:11,5分钟,关闭,阈值告警,97.14%,,127.0.0.1
2018/8/30 15:20,SPV=业务监控平台 : 组件=MIS,响应率低于阈值,92.00%,98.00%,2018/8/30 15:20,1分钟,关闭,阈值告警,95.83%,,127.0.0.1
2018/8/30 11:48,SPV=业务监控平台 : 组件=MIS,响应率低于阈值,92.86%,98.00%,2018/8/30 11:48,1分钟,关闭,阈值告警,92.86%,,127.0.0.1
2018/8/30 11:27,SPV=业务监控平台 : 组件=MIS,响应率低于阈值,97.73%,98.00%,2018/8/30 11:27,1分钟,关闭,阈值告警,97.73%,,127.0.0.1
2018/8/30 11:16,SPV=业务监控平台 : 组件=银联往帐,响应率低于阈值,95.24%,98.00%,2018/8/30 11:15,2分钟,关闭,阈值告警,95.24%,,127.0.0.1
2018/8/30 10:52,SPV=业务监控平台 : 组件=MIS,响应率低于阈值,93.33%,98.00%,2018/8/30 10:52,1分钟,关闭,阈值告警,96.55%,,127.0.0.1
2018/8/30 9:24,SPV=业务监控平台 : 组件=WMS,响应率低于阈值,97.85%,98.00%,2018/8/30 9:24,1分钟,关闭,阈值告警,97.85%,,127.0.0.1
2018/8/30 8:48,SPV=业务监控平台 : 组件=AFE(内联),响应率低于阈值,97.87%,98.00%,2018/8/30 8:48,1分钟,关闭,阈值告警,97.87%,,127.0.0.1
2018/8/30 8:40,SPV=业务监控平台 : 组件=AFE(内联),响应率低于阈值,97.22%,98.00%,2018/8/30 8:36,5分钟,关闭,阈值告警,97.70%,,127.0.0.1
2018/8/30 8:32,SPV=业务监控平台 : 组件=AFE(内联),响应率低于阈值,97.64%,98.00%,2018/8/30 8:32,1分钟,关闭,阈值告警,97.64%,,127.0.0.1
2018/8/30 8:27,SPV=业务监控平台 : 组件=AFE(内联),响应率低于阈值,97.22%,98.00%,2018/8/30 8:27,1分钟,关闭,阈值告警,97.25%,,127.0.0.1
2018/8/30 8:23,SPV=业务监控平台 : 组件=AFE(内联),响应率低于阈值,96.67%,98.00%,2018/8/30 8:23,1分钟,关闭,阈值告警,97.21%,,127.0.0.1
2018/8/30 8:19,SPV=业务监控平台 : 组件=AFE(内联),响应率低于阈值,97.28%,98.00%,2018/8/30 8:06,14分钟,关闭,阈值告警,97.72%,,127.0.0.1
2018/8/30 8:02,SPV=业务监控平台 : 组件=AFE(内联),响应率低于阈值,90.53%,98.00%,2018/8/30 7:53,10分钟,关闭,阈值告警,96.91%,,127.0.0.1
2018/8/30 7:49,SPV=业务监控平台 : 组件=AFE(内联),响应率低于阈值,97.00%,98.00%,2018/8/30 7:02,48分钟,关闭,阈值告警,97.87%,,127.0.0.1
2018/8/30 6:58,SPV=业务监控平台 : 组件=AFE(内联),响应率低于阈值,95.40%,98.00%,2018/8/30 6:50,9分钟,关闭,阈值告警,97.46%,,127.0.0.1
2018/8/30 6:46,SPV=业务监控平台 : 组件=AFE(内联),响应率低于阈值,97.47%,98.00%,2018/8/30 6:44,3分钟,关闭,阈值告警,97.47%,,127.0.0.1
2018/8/30 6:40,SPV=业务监控平台 : 组件=AFE(内联),响应率低于阈值,96.09%,98.00%,2018/8/30 6:34,7分钟,关闭,阈值告警,97.63%,,127.0.0.1
2018/8/30 6:27,SPV=业务监控平台 : 组件=AFE(内联),响应率低于阈值,96.30%,98.00%,2018/8/30 6:27,1分钟,关闭,阈值告警,96.59%,,127.0.0.1
2018/8/30 5:38,SPV=业务监控平台 : 组件=手机银行WEB,响应率低于阈值,97.73%,98.00%,2018/8/30 5:38,1分钟,关闭,阈值告警,97.73%,,127.0.0.1
2018/8/30 5:30,SPV=业务监控平台 : 组件=手机银行WEB,响应率低于阈值,97.60%,98.00%,2018/8/30 5:25,6分钟,关闭,阈值告警,97.81%,,127.0.0.1
2018/8/30 5:13,SPV=业务监控平台 : 组件=手机银行WEB,响应率低于阈值,95.00%,98.00%,2018/8/30 5:13,1分钟,关闭,阈值告警,97.56%,,127.0.0.1
2018/8/30 5:05,SPV=业务监控平台 : 组件=手机银行WEB,响应率低于阈值,97.96%,98.00%,2018/8/30 5:05,1分钟,关闭,阈值告警,97.96%,,127.0.0.1
2018/8/30 4:57,SPV=业务监控平台 : 组件=手机银行WEB,响应率低于阈值,94.40%,98.00%,2018/8/30 4:57,1分钟,关闭,阈值告警,97.26%,,127.0.0.1
2018/8/30 4:37,SPV=业务监控平台 : 组件=手机银行WEB,响应率低于阈值,97.18%,98.00%,2018/8/30 4:37,1分钟,关闭,阈值告警,97.52%,,127.0.0.1
2018/8/30 4:22,SPV=业务监控平台 : 组件=手机银行WEB,响应率低于阈值,96.32%,98.00%,2018/8/30 4:22,1分钟,关闭,阈值告警,96.90%,,127.0.0.1
2018/8/30 4:19,SPV=业务监控平台 : 组件=WMS,响应率低于阈值,72.73%,98.00%,2018/8/30 4:15,5分钟,关闭,阈值告警,90.91%,,127.0.0.1
2018/8/30 4:05,SPV=业务监控平台 : 组件=手机银行WEB,响应率低于阈值,97.67%,98.00%,2018/8/30 3:58,8分钟,关闭,阈值告警,97.71%,,127.0.0.1
2018/8/30 3:54,SPV=业务监控平台 : 组件=手机银行WEB,响应率低于阈值,97.80%,98.00%,2018/8/30 3:52,3分钟,关闭,阈值告警,97.80%,,127.0.0.1
2018/8/30 3:48,SPV=业务监控平台 : 组件=手机银行WEB,响应率低于阈值,97.66%,98.00%,2018/8/30 3:48,1分钟,关闭,阈值告警,97.66%,,127.0.0.1
2018/8/30 3:37,SPV=业务监控平台 : 组件=手机银行WEB,响应率低于阈值,97.54%,98.00%,2018/8/30 3:35,3分钟,关闭,阈值告警,97.92%,,127.0.0.1
2018/8/30 3:30,SPV=业务监控平台 : 组件=银企接入,响应率低于阈值,97.06%,98.00%,2018/8/30 3:30,1分钟,关闭,阈值告警,97.06%,,127.0.0.1
2018/8/30 3:21,SPV=业务监控平台 : 组件=AFE(内联),响应率低于阈值,66.67%,98.00%,2018/8/30 3:20,2分钟,关闭,阈值告警,81.82%,,127.0.0.1
2018/8/30 3:18,SPV=业务监控平台 : 组件=银企应用,响应率低于阈值,96.55%,98.00%,2018/8/30 3:18,1分钟,关闭,阈值告警,96.55%,,127.0.0.1
2018/8/30 3:15,SPV=业务监控平台 : 组件=手机银行WEB,响应率低于阈值,93.18%,98.00%,2018/8/30 3:15,1分钟,关闭,阈值告警,97.77%,,127.0.0.1
2018/8/30 3:08,SPV=业务监控平台 : 组件=银企应用,响应率低于阈值,90.62%,98.00%,2018/8/30 3:07,2分钟,关闭,阈值告警,93.33%,,127.0.0.1
2018/8/30 3:06,SPV=业务监控平台 : 组件=CUPP来账,响应率低于阈值,0.00%,98.00%,2018/8/30 3:04,3分钟,关闭,阈值告警,0.00%,,127.0.0.1
2018/8/30 3:05,SPV=业务监控平台 : 组件=手机银行WEB,响应率低于阈值,96.32%,98.00%,2018/8/30 2:58,8分钟,关闭,阈值告警,97.59%,,127.0.0.1
2018/8/30 3:04,SPV=业务监控平台 : 组件=银企接入,响应率低于阈值,0.00%,98.00%,2018/8/30 3:03,2分钟,关闭,阈值告警,50.00%,,127.0.0.1
2018/8/30 3:04,SPV=业务监控平台 : 组件=手机银行APP,响应率低于阈值,94.81%,98.00%,2018/8/30 3:03,2分钟,关闭,阈值告警,97.75%,,127.0.0.1
2018/8/30 2:46,SPV=业务监控平台 : 组件=手机银行WEB,响应率低于阈值,97.64%,98.00%,2018/8/30 2:46,1分钟,关闭,阈值告警,97.64%,,127.0.0.1
2018/8/30 2:32,SPV=业务监控平台 : 组件=手机银行WEB,响应率低于阈值,97.90%,98.00%,2018/8/30 2:30,3分钟,关闭,阈值告警,97.90%,,127.0.0.1
2018/8/30 2:32,SPV=业务监控平台 : 组件=WMS,响应率低于阈值,88.89%,98.00%,2018/8/30 2:24,9分钟,关闭,阈值告警,88.89%,,127.0.0.1
2018/8/30 2:13,SPV=业务监控平台 : 组件=WMS,响应率低于阈值,50.00%,98.00%,2018/8/30 2:08,6分钟,关闭,阈值告警,88.89%,,127.0.0.1
2018/8/30 1:54,SPV=业务监控平台 : 组件=WMS,响应率低于阈值,85.71%,98.00%,2018/8/30 1:41,14分钟,关闭,阈值告警,90.00%,,127.0.0.1
2018/8/30 1:44,SPV=业务监控平台 : 组件=手机银行WEB,响应率低于阈值,97.97%,98.00%,2018/8/30 1:44,1分钟,关闭,阈值告警,97.97%,,127.0.0.1
2018/8/30 1:34,SPV=业务监控平台 : 组件=手机银行WEB,响应率低于阈值,97.65%,98.00%,2018/8/30 1:28,7分钟,关闭,阈值告警,97.99%,,127.0.0.1
2018/8/30 1:33,SPV=业务监控平台 : 组件=WMS,响应率低于阈值,81.82%,98.00%,2018/8/30 1:28,6分钟,关闭,阈值告警,91.67%,,127.0.0.1
2018/8/30 1:31,SPV=业务监控平台 : 组件=VTMS,响应率低于阈值,97.87%,98.00%,2018/8/30 1:26,6分钟,关闭,阈值告警,97.87%,,127.0.0.1
2018/8/30 1:22,SPV=业务监控平台 : 组件=手机银行WEB,响应率低于阈值,97.40%,98.00%,2018/8/30 1:22,1分钟,关闭,阈值告警,97.40%,,127.0.0.1
2018/8/30 1:17,SPV=业务监控平台 : 组件=WMS,响应率低于阈值,90.91%,98.00%,2018/8/30 1:09,9分钟,关闭,阈值告警,96.30%,,127.0.0.1
2018/8/30 1:14,SPV=业务监控平台 : 组件=VTMS,响应率低于阈值,96.67%,98.00%,2018/8/30 1:14,1分钟,关闭,阈值告警,96.67%,,127.0.0.1
2018/8/30 1:10,SPV=业务监控平台 : 组件=VTMS,响应率低于阈值,96.88%,98.00%,2018/8/30 1:10,1分钟,关闭,阈值告警,97.06%,,127.0.0.1
2018/8/30 1:10,SPV=业务监控平台 : 组件=手机银行WEB,响应率低于阈值,97.55%,98.00%,2018/8/30 1:10,1分钟,关闭,阈值告警,97.94%,,127.0.0.1
2018/8/30 1:04,SPV=业务监控平台 : 组件=VTMS,响应率低于阈值,96.30%,98.00%,2018/8/30 1:04,1分钟,关闭,阈值告警,97.92%,,127.0.0.1
2018/8/30 1:00,SPV=业务监控平台 : 组件=手机银行WEB,响应率低于阈值,96.43%,98.00%,2018/8/30 1:00,1分钟,关闭,阈值告警,97.48%,,127.0.0.1
2018/8/30 0:45,SPV=业务监控平台 : 组件=VTMS,响应率低于阈值,96.77%,98.00%,2018/8/30 0:45,1分钟,关闭,阈值告警,96.77%,,127.0.0.1
2018/8/30 0:20,SPV=业务监控平台 : 组件=灾备CBV7,响应率低于阈值,52.00%,98.00%,2018/8/30 0:20,1分钟,关闭,阈值告警,52.00%,,127.0.0.1
2018/8/29 23:37,SPV=业务监控平台 : 组件=WCBK微信APP,响应率低于阈值,97.73%,98.00%,2018/8/29 23:37,1分钟,关闭,阈值告警,97.78%,,127.0.0.1
2018/8/29 18:54,SPV=业务监控平台 : 组件=AFE(内联),响应率低于阈值,97.54%,98.00%,2018/8/29 18:53,2分钟,关闭,阈值告警,97.77%,,127.0.0.1
2018/8/29 18:34,SPV=业务监控平台 : 组件=AFE(内联),响应率低于阈值,97.21%,98.00%,2018/8/29 18:32,3分钟,关闭,阈值告警,97.66%,,127.0.0.1
2018/8/29 18:28,SPV=业务监控平台 : 组件=AFE(内联),响应率低于阈值,97.23%,98.00%,2018/8/29 18:28,1分钟,关闭,阈值告警,97.78%,,127.0.0.1
2018/8/29 18:24,SPV=业务监控平台 : 组件=AFE(内联),响应率低于阈值,97.35%,98.00%,2018/8/29 18:18,7分钟,关闭,阈值告警,97.77%,,127.0.0.1
2018/8/29 18:14,SPV=业务监控平台 : 组件=AFE(内联),响应率低于阈值,96.88%,98.00%,2018/8/29 18:12,3分钟,关闭,阈值告警,97.83%,,127.0.0.1
2018/8/29 18:02,SPV=业务监控平台 : 组件=AFE(内联),响应率低于阈值,96.63%,98.00%,2018/8/29 18:02,1分钟,关闭,阈值告警,97.08%,,127.0.0.1
2018/8/29 17:49,SPV=业务监控平台 : 组件=AFE(内联),响应率低于阈值,96.39%,98.00%,2018/8/29 17:49,1分钟,关闭,阈值告警,97.46%,,127.0.0.1
2018/8/29 17:44,SPV=业务监控平台 : 组件=AFE(内联),响应率低于阈值,96.30%,98.00%,2018/8/29 17:44,1分钟,关闭,阈值告警,97.80%,,127.0.0.1
2018/8/29 17:40,SPV=业务监控平台 : 组件=AFE(内联),响应率低于阈值,97.80%,98.00%,2018/8/29 17:40,1分钟,关闭,阈值告警,97.97%,,127.0.0.1
2018/8/29 14:28,SPV=业务监控平台 : 组件=VTMS,响应率低于阈值,96.54%,98.00%,2018/8/29 14:28,1分钟,关闭,阈值告警,96.54%,,127.0.0.1
2018/8/29 13:30,SPV=业务监控平台 : 组件=VTMS,响应率低于阈值,97.37%,98.00%,2018/8/29 13:30,1分钟,关闭,阈值告警,97.88%,,127.0.0.1
2018/8/29 13:21,SPV=业务监控平台 : 组件=VTMS,响应率低于阈值,97.42%,98.00%,2018/8/29 13:21,1分钟,关闭,阈值告警,97.42%,,127.0.0.1
2018/8/29 13:17,SPV=业务监控平台 : 组件=VTMS,响应率低于阈值,96.87%,98.00%,2018/8/29 13:17,1分钟,关闭,阈值告警,96.87%,,127.0.0.1
2018/8/29 12:42,SPV=业务监控平台 : 组件=VTMS,响应率低于阈值,96.78%,98.00%,2018/8/29 12:32,11分钟,关闭,阈值告警,97.15%,,127.0.0.1
2018/8/29 12:32,SPV=业务监控平台 : 组件=CUPP来账,响应率低于阈值,94.12%,98.00%,2018/8/29 12:32,1分钟,关闭,阈值告警,96.55%,,127.0.0.1
2018/8/29 7:45,SPV=业务监控平台 : 组件=AFE(内联),响应率低于阈值,93.70%,95.00%,2018/8/29 7:45,1分钟,关闭,阈值告警,94.57%,,127.0.0.1
2018/8/29 3:15,SPV=业务监控平台 : 组件=AFE(内联),响应率低于阈值,94.12%,95.00%,2018/8/29 3:12,4分钟,关闭,阈值告警,94.12%,,127.0.0.1
2018/8/29 1:52,SPV=业务监控平台 : 组件=VTMS,响应率低于阈值,91.67%,95.00%,2018/8/29 1:52,1分钟,关闭,阈值告警,94.74%,,127.0.0.1
2018/8/28 10:53,SPV=业务监控平台 : 组件=IVS,响应率低于阈值,54.55%,95.00%,2018/8/28 10:22,32分钟,关闭,阈值告警,54.55%,,127.0.0.1
2018/8/28 10:11,SPV=业务监控平台 : 组件=IVS,响应率低于阈值,0.00%,95.00%,2018/8/28 9:03,69分钟,关闭,阈值告警,0.00%,,127.0.0.1
2018/8/28 9:40,SPV=业务监控平台 : 组件=ECIF,响应率低于阈值,93.31%,95.00%,2018/8/28 9:37,4分钟,关闭,阈值告警,94.33%,,127.0.0.1
2018/8/28 9:30,SPV=业务监控平台 : 组件=ECIF,响应率低于阈值,90.00%,95.00%,2018/8/28 8:43,48分钟,关闭,阈值告警,94.66%,,127.0.0.1
2018/8/28 8:18,SPV=业务监控平台 : 组件=ECIF,响应率低于阈值,92.36%,95.00%,2018/8/28 8:16,3分钟,关闭,阈值告警,92.92%,,127.0.0.1
2018/8/28 8:06,SPV=业务监控平台 : 组件=ECIF,响应率低于阈值,88.79%,95.00%,2018/8/28 6:50,77分钟,关闭,阈值告警,94.57%,,127.0.0.1
2018/8/28 6:43,SPV=业务监控平台 : 组件=ECIF,响应率低于阈值,92.75%,95.00%,2018/8/28 6:35,9分钟,关闭,阈值告警,92.75%,,127.0.0.1
2018/8/28 6:39,SPV=业务监控平台 : 组件=ATMP,响应率低于阈值,82.35%,95.00%,2018/8/28 6:39,1分钟,关闭,阈值告警,87.50%,,127.0.0.1
2018/8/28 5:29,SPV=业务监控平台 : 组件=ECIF,响应率低于阈值,81.82%,95.00%,2018/8/28 5:29,1分钟,关闭,阈值告警,89.47%,,127.0.0.1
2018/8/28 5:04,SPV=业务监控平台 : 组件=ECIF,响应率低于阈值,91.67%,95.00%,2018/8/28 5:03,2分钟,关闭,阈值告警,92.31%,,127.0.0.1
2018/8/28 4:54,SPV=业务监控平台 : 组件=ECIF,响应率低于阈值,88.24%,95.00%,2018/8/28 4:54,1分钟,关闭,阈值告警,92.86%,,127.0.0.1
2018/8/28 3:11,SPV=业务监控平台 : 组件=CUPP来账,响应率低于阈值,33.33%,95.00%,2018/8/28 3:07,5分钟,关闭,阈值告警,33.33%,,127.0.0.1
2018/8/28 3:02,SPV=业务监控平台 : 组件=银企应用,响应率低于阈值,10.00%,95.00%,2018/8/28 3:02,1分钟,关闭,阈值告警,94.12%,,127.0.0.1
2018/8/28 2:49,SPV=业务监控平台 : 组件=ECIF,响应率低于阈值,92.50%,95.00%,2018/8/28 2:49,1分钟,关闭,阈值告警,92.86%,,127.0.0.1
2018/8/28 1:33,SPV=业务监控平台 : 组件=ECIF,响应率低于阈值,93.75%,95.00%,2018/8/28 1:33,1分钟,关闭,阈值告警,94.74%,,127.0.0.1
2018/8/28 1:23,SPV=业务监控平台 : 组件=ECIF,响应率低于阈值,83.33%,95.00%,2018/8/28 1:20,4分钟,关闭,阈值告警,92.00%,,127.0.0.1
2018/8/27 18:06,SPV=业务监控平台 : 组件=PMTS网银互联往账,响应率低于阈值 & 交易量高于阈值,52.17% & 23,90.00% & 10,2018/8/27 18:02,5分钟,关闭,阈值告警,82.76%,,127.0.0.1
2018/8/27 17:24,SPV=业务监控平台 : 组件=PMTS网银互联来账,响应率低于阈值 & 交易量高于阈值,70.00% & 30,80.00% & 10,2018/8/27 17:24,1分钟,关闭,阈值告警,70.00%,,127.0.0.1
2018/8/26 3:07,SPV=业务监控平台 : 组件=CUPP来账,响应率低于阈值,0.00%,85.00%,2018/8/26 3:04,4分钟,关闭,阈值告警,66.67%,,127.0.0.1
2018/8/25 3:04,SPV=业务监控平台 : 组件=银企应用,响应率低于阈值,75.00%,85.00%,2018/8/25 3:03,2分钟,关闭,阈值告警,75.00%,,127.0.0.1
2018/8/24 16:56,SPV=业务监控平台 : 组件=AFE(柜面等),响应率低于阈值,25.00%,85.00%,2018/8/24 16:54,3分钟,关闭,阈值告警,75.00%,,127.0.0.1
2018/8/24 10:29,SPV=业务监控平台 : 组件=PMTS网银互联来账,响应率低于阈值 & 交易量高于阈值,21.43% & 42,80.00% & 10,2018/8/24 10:07,23分钟,关闭,阈值告警,52.63%,,127.0.0.1
2018/8/24 10:29,SPV=业务监控平台 : 组件=网银互联来账,响应率低于阈值 & 交易量高于阈值,52.38% & 42,80.00% & 10,2018/8/24 10:07,23分钟,关闭,阈值告警,60.53%,,127.0.0.1
2018/8/24 10:26,SPV=业务监控平台 : 组件=网银互联应用新,成功率低于阈值,56.00%,85.00%,2018/8/24 10:25,2分钟,关闭,阈值告警,56.00%,,127.0.0.1
2018/8/24 10:21,SPV=业务监控平台 : 组件=网银互联应用新,成功率低于阈值,50.00%,85.00%,2018/8/24 10:20,2分钟,关闭,阈值告警,50.00%,,127.0.0.1
2018/8/24 10:18,SPV=业务监控平台 : 组件=ITGS,响应率低于阈值,77.38%,85.00%,2018/8/24 10:15,4分钟,关闭,阈值告警,84.78%,,127.0.0.1
2018/8/24 10:16,SPV=业务监控平台 : 组件=网银互联应用新,成功率低于阈值,39.68%,85.00%,2018/8/24 10:08,9分钟,关闭,阈值告警,80.15%,,127.0.0.1
2018/8/24 3:04,SPV=业务监控平台 : 组件=银企应用,响应率低于阈值,33.33%,85.00%,2018/8/24 3:03,2分钟,关闭,阈值告警,57.14%,,127.0.0.1
2018/8/24 3:04,SPV=业务监控平台 : 组件=银企接入,响应率低于阈值,66.67%,85.00%,2018/8/24 3:03,2分钟,关闭,阈值告警,66.67%,,127.0.0.1
2018/8/23 18:01,SPV=业务监控平台 : 组件=二代支付应用,响应率低于阈值,66.67%,85.00%,2018/8/23 18:00,2分钟,关闭,阈值告警,80.00%,,127.0.0.1
2018/8/23 16:10,SPV=业务监控平台 : 组件=AFE(柜面等),响应率低于阈值,0.00%,85.00%,2018/8/23 16:09,2分钟,关闭,阈值告警,66.67%,,127.0.0.1
2018/8/22 9:09,SPV=业务监控平台 : 组件=AFE(柜面等),响应率低于阈值,0.00%,85.00%,2018/8/22 9:08,2分钟,关闭,阈值告警,66.67%,,127.0.0.1
2018/8/22 8:42,SPV=业务监控平台 : 组件=AFE(柜面等),响应率低于阈值,0.00%,85.00%,2018/8/22 8:42,1分钟,关闭,阈值告警,0.00%,,127.0.0.1
2018/8/21 15:11,SPV=业务监控平台 : 组件=MIS,响应率低于阈值,0.00%,85.00%,2018/8/21 14:26,46分钟,关闭,阈值告警,0.00%,,127.0.0.1
2018/8/21 14:20,SPV=业务监控平台 : 组件=MIS,响应率低于阈值,0.00%,85.00%,2018/8/21 13:29,52分钟,关闭,阈值告警,0.00%,,127.0.0.1
2018/8/21 13:22,SPV=业务监控平台 : 组件=MIS,响应率低于阈值,0.00%,85.00%,2018/8/21 12:41,42分钟,关闭,阈值告警,4.76%,,127.0.0.1
2018/8/21 3:03,SPV=业务监控平台 : 组件=银企应用,响应率低于阈值,7.69%,85.00%,2018/8/21 3:03,1分钟,关闭,阈值告警,70.00%,,127.0.0.1
2018/8/21 3:03,SPV=业务监控平台 : 组件=银企接入,响应率低于阈值,42.86%,85.00%,2018/8/21 3:03,1分钟,关闭,阈值告警,60.00%,,127.0.0.1
2018/8/21 1:59,SPV=业务监控平台 : 组件=AFE(内联),响应率低于阈值,47.62%,85.00%,2018/8/21 0:15,105分钟,关闭,阈值告警,81.82%,,127.0.0.1
2018/8/20 16:08,SPV=业务监控平台 : 组件=PMTS网银互联往账,响应率低于阈值 & 交易量高于阈值,86.96% & 46,90.00% & 10,2018/8/20 15:43,26分钟,关闭,阈值告警,88.46%,,127.0.0.1
2018/8/20 7:25,SPV=业务监控平台 : 组件=VTMS,响应率低于阈值,33.33%,85.00%,2018/8/20 7:25,1分钟,关闭,阈值告警,84.62%,,127.0.0.1
2018/8/20 4:59,SPV=业务监控平台 : 组件=银企接入,响应率低于阈值,80.00%,85.00%,2018/8/20 4:59,1分钟,关闭,阈值告警,83.72%,,127.0.0.1
2018/8/20 4:48,SPV=业务监控平台 : 组件=银企接入,响应率低于阈值,82.35%,85.00%,2018/8/20 4:48,1分钟,关闭,阈值告警,82.35%,,127.0.0.1
2018/8/20 4:37,SPV=业务监控平台 : 组件=银企接入,响应率低于阈值,80.00%,85.00%,2018/8/20 4:33,5分钟,关闭,阈值告警,84.00%,,127.0.0.1
2018/8/20 4:23,SPV=业务监控平台 : 组件=银企接入,响应率低于阈值,66.67%,85.00%,2018/8/20 4:23,1分钟,关闭,阈值告警,76.92%,,127.0.0.1
2018/8/20 4:14,SPV=业务监控平台 : 组件=银企接入,响应率低于阈值,76.47%,85.00%,2018/8/20 4:12,3分钟,关闭,阈值告警,84.21%,,127.0.0.1
2018/8/20 4:01,SPV=业务监控平台 : 组件=银企接入,响应率低于阈值,73.33%,85.00%,2018/8/20 3:56,6分钟,关闭,阈值告警,84.62%,,127.0.0.1
2018/8/20 3:48,SPV=业务监控平台 : 组件=银企接入,响应率低于阈值,84.62%,85.00%,2018/8/20 3:43,6分钟,关闭,阈值告警,84.62%,,127.0.0.1
2018/8/20 3:09,SPV=业务监控平台 : 组件=银企接入,响应率低于阈值,81.25%,85.00%,2018/8/20 3:09,1分钟,关闭,阈值告警,82.86%,,127.0.0.1
2018/8/20 3:04,SPV=业务监控平台 : 组件=银企接入,响应率低于阈值,77.42%,85.00%,2018/8/20 3:03,2分钟,关闭,阈值告警,77.42%,,127.0.0.1
2018/8/20 3:03,SPV=业务监控平台 : 组件=银企应用,响应率低于阈值,33.33%,85.00%,2018/8/20 3:03,1分钟,关闭,阈值告警,66.67%,,127.0.0.1
2018/8/20 2:53,SPV=业务监控平台 : 组件=银企接入,响应率低于阈值,50.00%,85.00%,2018/8/20 2:51,3分钟,关闭,阈值告警,83.33%,,127.0.0.1
2018/8/20 2:43,SPV=业务监控平台 : 组件=银企接入,响应率低于阈值,66.67%,85.00%,2018/8/20 2:41,3分钟,关闭,阈值告警,75.00%,,127.0.0.1
2018/8/20 2:38,SPV=业务监控平台 : 组件=生产NFTS,响应率低于阈值,0.00%,85.00%,2018/8/20 2:38,1分钟,关闭,阈值告警,0.00%,,127.0.0.1
2018/8/20 2:27,SPV=业务监控平台 : 组件=银企接入,响应率低于阈值,42.86%,85.00%,2018/8/20 2:27,1分钟,关闭,阈值告警,78.57%,,127.0.0.1
2018/8/20 2:23,SPV=业务监控平台 : 组件=银企接入,响应率低于阈值,70.37%,85.00%,2018/8/20 2:23,1分钟,关闭,阈值告警,83.87%,,127.0.0.1
2018/8/20 2:16,SPV=业务监控平台 : 组件=银企接入,响应率低于阈值,72.73%,85.00%,2018/8/20 2:16,1分钟,关闭,阈值告警,81.82%,,127.0.0.1
2018/8/20 2:04,SPV=业务监控平台 : 组件=银企接入,响应率低于阈值,84.62%,85.00%,2018/8/20 2:03,2分钟,关闭,阈值告警,84.62%,,127.0.0.1
2018/8/20 1:55,SPV=业务监控平台 : 组件=银企接入,响应率低于阈值,82.61%,85.00%,2018/8/20 1:54,2分钟,关闭,阈值告警,83.33%,,127.0.0.1
2018/8/20 1:50,SPV=业务监控平台 : 组件=银企接入,响应率低于阈值,84.62%,85.00%,2018/8/20 1:48,3分钟,关闭,阈值告警,84.62%,,127.0.0.1
2018/8/20 1:40,SPV=业务监控平台 : 组件=银企接入,响应率低于阈值,81.82%,85.00%,2018/8/20 1:36,5分钟,关闭,阈值告警,83.33%,,127.0.0.1
2018/8/20 1:32,SPV=业务监控平台 : 组件=生产NFTS,响应率低于阈值,0.00%,85.00%,2018/8/20 1:32,1分钟,关闭,阈值告警,0.00%,,127.0.0.1
2018/8/20 1:29,SPV=业务监控平台 : 组件=银企接入,响应率低于阈值,65.22%,85.00%,2018/8/20 1:24,6分钟,关闭,阈值告警,84.21%,,127.0.0.1
2018/8/20 0:56,SPV=业务监控平台 : 组件=生产NFTS,响应率低于阈值,0.00%,85.00%,2018/8/20 0:56,1分钟,关闭,阈值告警,0.00%,,127.0.0.1
2018/8/20 0:20,SPV=业务监控平台 : 组件=生产NFTS,响应率低于阈值,0.00%,85.00%,2018/8/20 0:20,1分钟,关闭,阈值告警,0.00%,,127.0.0.1
2018/8/19 23:49,SPV=业务监控平台 : 组件=生产NFTS,响应率低于阈值,0.00%,85.00%,2018/8/19 23:49,1分钟,关闭,阈值告警,0.00%,,127.0.0.1
2018/8/19 23:13,SPV=业务监控平台 : 组件=生产NFTS,响应率低于阈值,0.00%,85.00%,2018/8/19 23:13,1分钟,关闭,阈值告警,0.00%,,127.0.0.1
2018/8/19 22:37,SPV=业务监控平台 : 组件=生产NFTS,响应率低于阈值,0.00%,85.00%,2018/8/19 22:37,1分钟,关闭,阈值告警,0.00%,,127.0.0.1
2018/8/19 21:32,SPV=业务监控平台 : 组件=生产NFTS,响应率低于阈值,0.00%,85.00%,2018/8/19 21:32,1分钟,关闭,阈值告警,0.00%,,127.0.0.1
2018/8/19 7:16,SPV=业务监控平台 : 组件=生产NFTS,响应率低于阈值,0.00%,85.00%,2018/8/19 7:16,1分钟,关闭,阈值告警,0.00%,,127.0.0.1
2018/8/19 5:35,SPV=业务监控平台 : 组件=生产NFTS,响应率低于阈值,0.00%,85.00%,2018/8/19 5:35,1分钟,关闭,阈值告警,0.00%,,127.0.0.1
2018/8/19 5:22,SPV=业务监控平台 : 组件=银企接入,响应率低于阈值,84.62%,85.00%,2018/8/19 5:22,1分钟,关闭,阈值告警,84.85%,,127.0.0.1
2018/8/19 4:59,SPV=业务监控平台 : 组件=生产NFTS,响应率低于阈值,0.00%,85.00%,2018/8/19 4:59,1分钟,关闭,阈值告警,0.00%,,127.0.0.1
2018/8/19 4:24,SPV=业务监控平台 : 组件=生产NFTS,响应率低于阈值,0.00%,85.00%,2018/8/19 4:24,1分钟,关闭,阈值告警,0.00%,,127.0.0.1
2018/8/19 4:11,SPV=业务监控平台 : 组件=银企接入,响应率低于阈值,62.50%,85.00%,2018/8/19 4:11,1分钟,关闭,阈值告警,75.00%,,127.0.0.1
2018/8/19 4:03,SPV=业务监控平台 : 组件=银企接入,响应率低于阈值,77.78%,85.00%,2018/8/19 4:02,2分钟,关闭,阈值告警,77.78%,,127.0.0.1
2018/8/19 3:53,SPV=业务监控平台 : 组件=生产NFTS,响应率低于阈值,0.00%,85.00%,2018/8/19 3:53,1分钟,关闭,阈值告警,0.00%,,127.0.0.1
2018/8/19 3:28,SPV=业务监控平台 : 组件=银企接入,响应率低于阈值,70.59%,85.00%,2018/8/19 3:26,3分钟,关闭,阈值告警,80.00%,,127.0.0.1
2018/8/19 3:17,SPV=业务监控平台 : 组件=生产NFTS,响应率低于阈值,0.00%,85.00%,2018/8/19 3:17,1分钟,关闭,阈值告警,0.00%,,127.0.0.1
2018/8/19 3:04,SPV=业务监控平台 : 组件=银企接入,响应率低于阈值,82.35%,85.00%,2018/8/19 3:03,2分钟,关闭,阈值告警,82.35%,,127.0.0.1
2018/8/19 2:57,SPV=业务监控平台 : 组件=银企接入,响应率低于阈值,66.67%,85.00%,2018/8/19 2:57,1分钟,关闭,阈值告警,75.00%,,127.0.0.1
2018/8/19 2:53,SPV=业务监控平台 : 组件=银企接入,响应率低于阈值,58.33%,85.00%,2018/8/19 2:51,3分钟,关闭,阈值告警,84.62%,,127.0.0.1
2018/8/19 2:47,SPV=业务监控平台 : 组件=银企接入,响应率低于阈值,70.59%,85.00%,2018/8/19 2:46,2分钟,关闭,阈值告警,83.33%,,127.0.0.1
2018/8/19 2:39,SPV=业务监控平台 : 组件=银企接入,响应率低于阈值,50.00%,85.00%,2018/8/19 2:33,7分钟,关闭,阈值告警,83.33%,,127.0.0.1
2018/8/19 2:29,SPV=业务监控平台 : 组件=银企接入,响应率低于阈值,70.59%,85.00%,2018/8/19 2:25,5分钟,关闭,阈值告警,84.62%,,127.0.0.1
2018/8/19 2:21,SPV=业务监控平台 : 组件=银企接入,响应率低于阈值,66.67%,85.00%,2018/8/19 2:19,3分钟,关闭,阈值告警,84.85%,,127.0.0.1
2018/8/19 2:13,SPV=业务监控平台 : 组件=银企接入,响应率低于阈值,63.16%,85.00%,2018/8/19 2:13,1分钟,关闭,阈值告警,69.23%,,127.0.0.1
2018/8/19 2:08,SPV=业务监控平台 : 组件=银企接入,响应率低于阈值,82.35%,85.00%,2018/8/19 2:06,3分钟,关闭,阈值告警,82.35%,,127.0.0.1
2018/8/19 1:56,SPV=业务监控平台 : 组件=银企接入,响应率低于阈值,76.47%,85.00%,2018/8/19 1:54,3分钟,关闭,阈值告警,80.00%,,127.0.0.1
2018/8/19 1:40,SPV=业务监控平台 : 组件=银企接入,响应率低于阈值,83.02%,85.00%,2018/8/19 1:39,2分钟,关闭,阈值告警,83.02%,,127.0.0.1
2018/8/19 1:35,SPV=业务监控平台 : 组件=银企接入,响应率低于阈值,77.27%,85.00%,2018/8/19 1:35,1分钟,关闭,阈值告警,80.00%,,127.0.0.1
2018/8/19 1:13,SPV=业务监控平台 : 组件=银企接入,响应率低于阈值,80.00%,85.00%,2018/8/19 1:11,3分钟,关闭,阈值告警,80.00%,,127.0.0.1
2018/8/19 1:07,SPV=业务监控平台 : 组件=银企接入,响应率低于阈值,73.91%,85.00%,2018/8/19 1:07,1分钟,关闭,阈值告警,73.91%,,127.0.0.1
2018/8/19 0:55,SPV=业务监控平台 : 组件=银企接入,响应率低于阈值,81.82%,85.00%,2018/8/19 0:54,2分钟,关闭,阈值告警,81.82%,,127.0.0.1
2018/8/19 0:42,SPV=业务监控平台 : 组件=银企接入,响应率低于阈值,82.76%,85.00%,2018/8/19 0:38,5分钟,关闭,阈值告警,84.00%,,127.0.0.1
2018/8/19 0:33,SPV=业务监控平台 : 组件=银企接入,响应率低于阈值,81.13%,85.00%,2018/8/19 0:33,1分钟,关闭,阈值告警,84.44%,,127.0.0.1
2018/8/19 0:28,SPV=业务监控平台 : 组件=银企接入,响应率低于阈值,83.33%,85.00%,2018/8/19 0:28,1分钟,关闭,阈值告警,83.33%,,127.0.0.1
2018/8/18 23:59,SPV=业务监控平台 : 组件=银企接入,响应率低于阈值,71.43%,85.00%,2018/8/18 23:58,2分钟,关闭,阈值告警,84.21%,,127.0.0.1
2018/8/18 4:49,SPV=业务监控平台 : 组件=银企接入,响应率低于阈值,81.48%,85.00%,2018/8/18 4:49,1分钟,关闭,阈值告警,84.00%,,127.0.0.1
2018/8/18 4:31,SPV=业务监控平台 : 组件=银企接入,响应率低于阈值,75.86%,85.00%,2018/8/18 4:31,1分钟,关闭,阈值告警,83.87%,,127.0.0.1
2018/8/18 4:27,SPV=业务监控平台 : 组件=银企接入,响应率低于阈值,76.92%,85.00%,2018/8/18 4:26,2分钟,关闭,阈值告警,78.57%,,127.0.0.1
2018/8/18 4:03,SPV=业务监控平台 : 组件=银企接入,响应率低于阈值,80.00%,85.00%,2018/8/18 4:03,1分钟,关闭,阈值告警,83.33%,,127.0.0.1
2018/8/18 3:58,SPV=业务监控平台 : 组件=银企接入,响应率低于阈值,77.27%,85.00%,2018/8/18 3:58,1分钟,关闭,阈值告警,77.27%,,127.0.0.1
2018/8/18 3:24,SPV=业务监控平台 : 组件=银企接入,响应率低于阈值,66.67%,85.00%,2018/8/18 3:24,1分钟,关闭,阈值告警,80.00%,,127.0.0.1
2018/8/18 3:13,SPV=业务监控平台 : 组件=银企接入,响应率低于阈值,71.43%,85.00%,2018/8/18 3:12,2分钟,关闭,阈值告警,83.87%,,127.0.0.1
2018/8/18 3:07,SPV=业务监控平台 : 组件=网银互联应用新,成功率低于阈值,50.00%,70.00%,2018/8/18 3:07,1分钟,关闭,阈值告警,66.67%,,127.0.0.1
2018/8/18 3:05,SPV=业务监控平台 : 组件=银企接入,响应率低于阈值,71.43%,85.00%,2018/8/18 3:02,4分钟,关闭,阈值告警,80.00%,,127.0.0.1
2018/8/18 2:47,SPV=业务监控平台 : 组件=银企接入,响应率低于阈值,69.23%,85.00%,2018/8/18 2:47,1分钟,关闭,阈值告警,72.73%,,127.0.0.1
2018/8/18 2:39,SPV=业务监控平台 : 组件=银企接入,响应率低于阈值,73.68%,85.00%,2018/8/18 2:39,1分钟,关闭,阈值告警,84.21%,,127.0.0.1
2018/8/18 2:02,SPV=业务监控平台 : 组件=银企接入,响应率低于阈值,75.00%,85.00%,2018/8/18 2:01,2分钟,关闭,阈值告警,78.38%,,127.0.0.1
2018/8/18 1:51,SPV=业务监控平台 : 组件=银企接入,响应率低于阈值,81.82%,85.00%,2018/8/18 1:50,2分钟,关闭,阈值告警,84.85%,,127.0.0.1
2018/8/18 1:42,SPV=业务监控平台 : 组件=银企接入,响应率低于阈值,80.95%,85.00%,2018/8/18 1:42,1分钟,关闭,阈值告警,80.95%,,127.0.0.1
2018/8/18 1:38,SPV=业务监控平台 : 组件=银企接入,响应率低于阈值,70.83%,85.00%,2018/8/18 1:38,1分钟,关闭,阈值告警,78.12%,,127.0.0.1
2018/8/18 1:32,SPV=业务监控平台 : 组件=银企接入,响应率低于阈值,60.00%,85.00%,2018/8/18 1:30,3分钟,关闭,阈值告警,83.87%,,127.0.0.1
2018/8/18 1:04,SPV=业务监控平台 : 组件=银企接入,响应率低于阈值,80.00%,85.00%,2018/8/18 1:03,2分钟,关闭,阈值告警,80.00%,,127.0.0.1
2018/8/18 0:08,SPV=业务监控平台 : 组件=网银互联应用新,成功率低于阈值,55.56%,70.00%,2018/8/18 0:08,1分钟,关闭,阈值告警,55.56%,,127.0.0.1
2018/8/17 14:20,SPV=业务监控平台 : 组件=网银互联应用新,成功率低于阈值,80.39%,85.00%,2018/8/17 14:19,2分钟,关闭,阈值告警,80.39%,,127.0.0.1
2018/8/17 14:19,SPV=业务监控平台 : 组件=PMTS网银互联往账,响应率低于阈值 & 交易量高于阈值,72.22% & 18,90.00% & 10,2018/8/17 14:19,1分钟,关闭,阈值告警,72.22%,,127.0.0.1
2018/8/17 14:19,SPV=业务监控平台 : 组件=PMTS网银互联来账,响应率低于阈值 & 交易量高于阈值,76.00% & 25,80.00% & 10,2018/8/17 14:19,1分钟,关闭,阈值告警,76.00%,,127.0.0.1
2018/8/17 8:17,SPV=业务监控平台 : 组件=VTMS,响应率低于阈值,84.62%,85.00%,2018/8/17 8:16,2分钟,关闭,阈值告警,84.62%,,127.0.0.1
2018/8/17 4:00,SPV=业务监控平台 : 组件=银企接入,响应率低于阈值,84.21%,85.00%,2018/8/17 4:00,1分钟,关闭,阈值告警,84.21%,,127.0.0.1
2018/8/17 3:19,SPV=业务监控平台 : 组件=AFE(内联),响应率低于阈值,60.00%,85.00%,2018/8/17 3:19,1分钟,关闭,阈值告警,81.82%,,127.0.0.1
2018/8/17 3:18,SPV=业务监控平台 : 组件=银企接入,响应率低于阈值,75.00%,85.00%,2018/8/17 3:18,1分钟,关闭,阈值告警,83.33%,,127.0.0.1
2018/8/17 3:03,SPV=业务监控平台 : 组件=银企接入,响应率低于阈值,84.62%,85.00%,2018/8/17 3:01,3分钟,关闭,阈值告警,84.62%,,127.0.0.1
2018/8/17 2:55,SPV=业务监控平台 : 组件=银企接入,响应率低于阈值,77.78%,85.00%,2018/8/17 2:55,1分钟,关闭,阈值告警,77.78%,,127.0.0.1
2018/8/17 2:50,SPV=业务监控平台 : 组件=银企接入,响应率低于阈值,75.00%,85.00%,2018/8/17 2:49,2分钟,关闭,阈值告警,75.00%,,127.0.0.1
2018/8/17 2:43,SPV=业务监控平台 : 组件=银企接入,响应率低于阈值,70.00%,85.00%,2018/8/17 2:42,2分钟,关闭,阈值告警,80.00%,,127.0.0.1
2018/8/17 2:34,SPV=业务监控平台 : 组件=银企接入,响应率低于阈值,77.14%,85.00%,2018/8/17 2:32,3分钟,关闭,阈值告警,83.33%,,127.0.0.1
2018/8/17 2:28,SPV=业务监控平台 : 组件=银企接入,响应率低于阈值,76.47%,85.00%,2018/8/17 2:27,2分钟,关闭,阈值告警,76.47%,,127.0.0.1
2018/8/17 2:23,SPV=业务监控平台 : 组件=银企接入,响应率低于阈值,78.57%,85.00%,2018/8/17 2:22,2分钟,关闭,阈值告警,78.57%,,127.0.0.1
2018/8/17 2:18,SPV=业务监控平台 : 组件=银企接入,响应率低于阈值,73.33%,85.00%,2018/8/17 2:18,1分钟,关闭,阈值告警,84.62%,,127.0.0.1
2018/8/17 2:14,SPV=业务监控平台 : 组件=银企接入,响应率低于阈值,81.82%,85.00%,2018/8/17 2:14,1分钟,关闭,阈值告警,81.82%,,127.0.0.1
2018/8/17 2:07,SPV=业务监控平台 : 组件=银企接入,响应率低于阈值,75.00%,85.00%,2018/8/17 2:03,5分钟,关闭,阈值告警,84.38%,,127.0.0.1
2018/8/17 1:42,SPV=业务监控平台 : 组件=银企接入,响应率低于阈值,61.54%,85.00%,2018/8/17 1:38,5分钟,关闭,阈值告警,79.17%,,127.0.0.1
2018/8/17 1:34,SPV=业务监控平台 : 组件=银企接入,响应率低于阈值,63.16%,85.00%,2018/8/17 1:32,3分钟,关闭,阈值告警,80.65%,,127.0.0.1
2018/8/17 1:12,SPV=业务监控平台 : 组件=银企接入,响应率低于阈值,84.85%,85.00%,2018/8/17 1:02,11分钟,关闭,阈值告警,84.85%,,127.0.0.1
2018/8/17 0:56,SPV=业务监控平台 : 组件=银企接入,响应率低于阈值,84.62%,85.00%,2018/8/17 0:54,3分钟,关闭,阈值告警,84.62%,,127.0.0.1
2018/8/17 0:51,SPV=业务监控平台 : 组件=ATMP,响应率低于阈值,57.14%,85.00%,2018/8/17 0:46,6分钟,关闭,阈值告警,75.00%,,127.0.0.1
2018/8/16 19:56,SPV=业务监控平台 : 组件=银银平台,响应率低于阈值,81.16%,85.00%,2018/8/16 19:17,40分钟,关闭,阈值告警,83.62%,,127.0.0.1
2018/8/16 19:49,SPV=业务监控平台 : 组件=银企接入,响应率低于阈值,82.89%,85.00%,2018/8/16 19:49,1分钟,关闭,阈值告警,84.72%,,127.0.0.1
2018/8/16 19:41,SPV=业务监控平台 : 组件=银企接入,响应率低于阈值,80.00%,85.00%,2018/8/16 19:41,1分钟,关闭,阈值告警,80.00%,,127.0.0.1
2018/8/16 19:37,SPV=业务监控平台 : 组件=银企接入,响应率低于阈值,72.22%,85.00%,2018/8/16 19:34,4分钟,关闭,阈值告警,76.47%,,127.0.0.1
2018/8/16 19:36,SPV=业务监控平台 : 组件=银企应用,响应率低于阈值,84.88%,85.00%,2018/8/16 19:36,1分钟,关闭,阈值告警,84.88%,,127.0.0.1
2018/8/16 19:36,SPV=业务监控平台 : 组件=企业手机银行应用,响应率低于阈值,50.00%,75.00%,2018/8/16 19:33,4分钟,关闭,阈值告警,66.67%,,127.0.0.1
2018/8/16 19:32,SPV=业务监控平台 : 组件=银企应用,响应率低于阈值,82.52%,85.00%,2018/8/16 19:32,1分钟,关闭,阈值告警,82.52%,,127.0.0.1
2018/8/16 19:30,SPV=业务监控平台 : 组件=银企接入,响应率低于阈值,58.14%,85.00%,2018/8/16 19:16,15分钟,关闭,阈值告警,84.91%,,127.0.0.1
2018/8/16 19:28,SPV=业务监控平台 : 组件=银企应用,响应率低于阈值,83.19%,85.00%,2018/8/16 19:28,1分钟,关闭,阈值告警,84.47%,,127.0.0.1
2018/8/16 19:24,SPV=业务监控平台 : 组件=银企应用,响应率低于阈值,78.10%,85.00%,2018/8/16 19:16,9分钟,关闭,阈值告警,84.51%,,127.0.0.1
2018/8/16 12:03,SPV=业务监控平台 : 组件=CUPP来账,响应率低于阈值,66.87%,85.00%,2018/8/16 11:40,24分钟,关闭,阈值告警,66.87%,,127.0.0.1
2018/8/16 3:03,SPV=业务监控平台 : 组件=银企接入,响应率低于阈值,80.00%,85.00%,2018/8/16 3:03,1分钟,关闭,阈值告警,80.00%,,127.0.0.1
2018/8/15 17:33,SPV=业务监控平台 : 组件=手机银行WEB,响应率低于阈值,58.90%,75.00%,2018/8/15 17:16,18分钟,关闭,阈值告警,71.97%,,127.0.0.1
2018/8/15 17:16,SPV=业务监控平台 : 组件=手机银行APP,响应率低于阈值,73.10%,75.00%,2018/8/15 17:16,1分钟,关闭,阈值告警,73.10%,,127.0.0.1
2018/8/15 16:05,SPV=业务监控平台 : 组件=手机银行WEB,响应率低于阈值,74.60%,75.00%,2018/8/15 15:54,12分钟,关闭,阈值告警,74.60%,,127.0.0.1
2018/8/15 15:46,SPV=业务监控平台 : 组件=手机银行WEB,响应率低于阈值,70.65%,75.00%,2018/8/15 15:29,18分钟,关闭,阈值告警,74.44%,,127.0.0.1
2018/8/15 15:18,SPV=业务监控平台 : 组件=IVS,响应率低于阈值,75.00%,85.00%,2018/8/15 15:18,1分钟,关闭,阈值告警,77.78%,,127.0.0.1
2018/8/15 11:21,SPV=业务监控平台 : 组件=手机银行WEB,响应率低于阈值,74.80%,75.00%,2018/8/15 11:20,2分钟,关闭,阈值告警,74.80%,,127.0.0.1
2018/8/15 11:10,SPV=业务监控平台 : 组件=手机银行WEB,响应率低于阈值,69.31%,75.00%,2018/8/15 10:00,71分钟,关闭,阈值告警,74.82%,,127.0.0.1
2018/8/14 16:35,SPV=业务监控平台 : 组件=网银互联应用新,成功率低于阈值,66.67%,85.00%,2018/8/14 16:32,4分钟,关闭,阈值告警,76.47%,,127.0.0.1
2018/8/14 16:01,SPV=业务监控平台 : 组件=网银互联应用新,成功率低于阈值,82.35%,85.00%,2018/8/14 16:01,1分钟,关闭,阈值告警,83.02%,,127.0.0.1
2018/8/14 11:54,SPV=业务监控平台 : 组件=IVS,响应率低于阈值,71.43%,85.00%,2018/8/14 11:47,8分钟,关闭,阈值告警,83.33%,,127.0.0.1
2018/8/14 11:36,SPV=业务监控平台 : 组件=IVS,响应率低于阈值,83.33%,85.00%,2018/8/14 11:36,1分钟,关闭,阈值告警,83.33%,,127.0.0.1
2018/8/14 10:49,SPV=业务监控平台 : 组件=IVS,响应率低于阈值,81.82%,85.00%,2018/8/14 10:47,3分钟,关闭,阈值告警,84.62%,,127.0.0.1
2018/8/14 10:23,SPV=业务监控平台 : 组件=IVS,响应率低于阈值,0.00%,85.00%,2018/8/14 10:13,11分钟,关闭,阈值告警,80.00%,,127.0.0.1
2018/8/14 9:59,SPV=业务监控平台 : 组件=IVS,响应率低于阈值,75.00%,85.00%,2018/8/14 9:16,44分钟,关闭,阈值告警,81.82%,,127.0.0.1
2018/8/13 21:57,SPV=业务监控平台 : 组件=PMTS网银互联往账,成功率低于阈值,63.64%,85.00%,2018/8/13 21:57,1分钟,关闭,阈值告警,63.64%,,127.0.0.1
2018/8/13 21:57,SPV=业务监控平台 : 组件=网银互联应用新,成功率低于阈值,63.64%,85.00%,2018/8/13 21:57,1分钟,关闭,阈值告警,63.64%,,127.0.0.1
2018/8/13 14:51,SPV=业务监控平台 : 组件=IVS,响应率低于阈值,50.00%,85.00%,2018/8/13 14:25,27分钟,关闭,阈值告警,84.62%,,127.0.0.1
2018/8/13 13:06,SPV=业务监控平台 : 组件=IVS,响应率低于阈值,0.00%,85.00%,2018/8/13 12:11,56分钟,关闭,阈值告警,66.67%,,127.0.0.1
2018/8/13 12:20,SPV=业务监控平台 : 组件=CUPP来账,响应率低于阈值,7.79%,85.00%,2018/8/13 11:53,28分钟,关闭,阈值告警,73.28%,,127.0.0.1
2018/8/13 10:45,SPV=业务监控平台 : 组件=IVS,响应率低于阈值,60.00%,85.00%,2018/8/13 10:45,1分钟,关闭,阈值告警,83.33%,,127.0.0.1
2018/8/11 11:33,SPV=业务监控平台 : 组件=PMTS网银互联往账,响应率低于阈值 & 交易量高于阈值,88.89% & 18,90.00% & 10,2018/8/11 11:33,1分钟,关闭,阈值告警,88.89%,,127.0.0.1
2018/8/11 7:00,SPV=业务监控平台 : 组件=网银互联应用新,成功率低于阈值,66.67%,70.00%,2018/8/11 6:59,2分钟,关闭,阈值告警,66.67%,,127.0.0.1
2018/8/11 6:52,SPV=业务监控平台 : 组件=网银互联应用新,成功率低于阈值,50.00%,70.00%,2018/8/11 6:50,3分钟,关闭,阈值告警,66.67%,,127.0.0.1
2018/8/11 6:30,SPV=业务监控平台 : 组件=网银互联应用新,成功率低于阈值,42.86%,70.00%,2018/8/11 6:30,1分钟,关闭,阈值告警,62.50%,,127.0.0.1
2018/8/11 3:03,SPV=业务监控平台 : 组件=银企应用,响应率低于阈值,84.62%,85.00%,2018/8/11 3:02,2分钟,关闭,阈值告警,84.62%,,127.0.0.1
2018/8/11 3:03,SPV=业务监控平台 : 组件=银企接入,响应率低于阈值,78.57%,85.00%,2018/8/11 3:02,2分钟,关闭,阈值告警,84.00%,,127.0.0.1
2018/8/10 19:19,SPV=业务监控平台 : 组件=IVS,响应率低于阈值,0.00%,85.00%,2018/8/10 19:14,6分钟,关闭,阈值告警,0.00%,,127.0.0.1
2018/8/10 13:14,SPV=业务监控平台 : 组件=CUPP来账,响应率低于阈值,37.91%,85.00%,2018/8/10 13:12,3分钟,关闭,阈值告警,37.91%,,127.0.0.1
2018/8/10 3:03,SPV=业务监控平台 : 组件=银企接入,响应率低于阈值,33.33%,85.00%,2018/8/10 3:03,1分钟,关闭,阈值告警,83.33%,,127.0.0.1
2018/8/9 9:46,SPV=业务监控平台 : 组件=PMTS网银互联往账,响应率低于阈值 & 交易量高于阈值,81.82% & 22,90.00% & 10,2018/8/9 9:44,3分钟,关闭,阈值告警,85.71%,,127.0.0.1
2018/8/9 9:27,SPV=业务监控平台 : 组件=IVS,响应率低于阈值,80.00%,85.00%,2018/8/9 9:27,1分钟,关闭,阈值告警,81.82%,,127.0.0.1
2018/8/9 1:27,SPV=业务监控平台 : 组件=银企接入,响应率低于阈值,83.33%,85.00%,2018/8/9 1:27,1分钟,关闭,阈值告警,83.33%,,127.0.0.1
2018/8/8 12:26,SPV=业务监控平台 : 组件=PMTS网银互联往账,响应率低于阈值 & 交易量高于阈值,54.55% & 11,90.00% & 10,2018/8/8 12:26,1分钟,关闭,阈值告警,80.00%,,127.0.0.1
2018/8/8 11:30,SPV=业务监控平台 : 组件=IVS,响应率低于阈值,28.57%,85.00%,2018/8/8 11:19,12分钟,关闭,阈值告警,80.00%,,127.0.0.1
2018/8/8 10:30,SPV=业务监控平台 : 组件=IVS,响应率低于阈值,70.00%,85.00%,2018/8/8 10:30,1分钟,关闭,阈值告警,72.22%,,127.0.0.1
2018/8/8 9:39,SPV=业务监控平台 : 组件=IVS,响应率低于阈值,46.67%,85.00%,2018/8/8 9:39,1分钟,关闭,阈值告警,80.00%,,127.0.0.1
2018/8/7 11:02,SPV=业务监控平台 : 组件=IVS,响应率低于阈值,70.00%,85.00%,2018/8/7 11:02,1分钟,关闭,阈值告警,84.62%,,127.0.0.1
2018/8/7 9:17,SPV=业务监控平台 : 组件=IVS,响应率低于阈值,57.14%,85.00%,2018/8/7 9:11,7分钟,关闭,阈值告警,80.00%,,127.0.0.1
2018/8/6 16:32,SPV=业务监控平台 : 组件=IVS,响应率低于阈值,76.92%,85.00%,2018/8/6 16:24,9分钟,关闭,阈值告警,81.25%,,127.0.0.1
2018/8/3 9:44,SPV=业务监控平台 : 组件=IVS,响应率低于阈值,34.78%,85.00%,2018/8/3 9:40,5分钟,关闭,阈值告警,80.00%,,127.0.0.1
2018/8/3 3:59,SPV=业务监控平台 : 组件=银企接入,响应率低于阈值,66.67%,85.00%,2018/8/3 3:59,1分钟,关闭,阈值告警,80.00%,,127.0.0.1
2018/8/3 0:32,SPV=业务监控平台 : 组件=PMTS网银互联往账,成功率低于阈值,25.81%,70.00%,2018/8/3 0:32,1分钟,关闭,阈值告警,31.25%,,127.0.0.1
2018/8/3 0:32,SPV=业务监控平台 : 组件=网银互联应用新,成功率低于阈值,26.67%,70.00%,2018/8/3 0:32,1分钟,关闭,阈值告警,32.35%,,127.0.0.1
2018/8/2 11:27,SPV=业务监控平台 : 组件=CUPP来账,响应率低于阈值,21.56%,85.00%,2018/8/2 11:23,5分钟,关闭,阈值告警,21.56%,,127.0.0.1
